code,gun_code,pop,mun_name,sub_name,lh_2022
23101,230001,159534,名古屋市千種区,-,2
23102,230002,81028,名古屋市東区,-,1
23103,230003,157664,名古屋市北区,-,1
23104,230004,147342,名古屋市西区,-,1
23105,230005,134389,名古屋市中村区,-,5
23106,230006,87846,名古屋市中区,-,1
23107,230007,104138,名古屋市昭和区,-,3
23108,230008,106910,名古屋市瑞穂区,-,4
23109,230009,65017,名古屋市熱田区,-,4
23110,230010,214361,名古屋市中川区,-,5
23111,230011,135422,名古屋市港区,-,4
23112,230012,128848,名古屋市南区,-,4
23113,230013,173297,名古屋市守山区,-,2
23114,230014,243812,名古屋市緑区,-,3
23115,230015,161428,名古屋市名東区,-,2
23116,230016,161639,名古屋市天白区,-,3
23201,230017,355004,豊橋市,-,15
23202,230018,373767,岡崎市,-,12
23203,230019,214,一宮市,一色町,10
23203,230020,143,一宮市,石山町,10
23203,230021,209,一宮市,乾町,10
23203,230022,528,一宮市,印田通,10
23203,230023,523,一宮市,牛野通,10
23203,230024,131,一宮市,小栗町,10
23203,230025,78,一宮市,小原町,10
23203,230026,129,一宮市,川田町,10
23203,230027,52,一宮市,観音町,10
23203,230028,283,一宮市,神戸町,10
23203,230029,170,一宮市,北浦町,10
23203,230030,853,一宮市,北神明町,10
23203,230031,764,一宮市,北園通,10
23203,230032,653,一宮市,貴船町,10
23203,230033,431,一宮市,九品町,10
23203,230034,348,一宮市,公園通,10
23203,230035,646,一宮市,古金町,10
23203,230036,428,一宮市,古見町,10
23203,230037,272,一宮市,三丹町,10
23203,230038,884,一宮市,下川田町,10
23203,230039,864,一宮市,下沼町,10
23203,230040,348,一宮市,城崎通,10
23203,230041,577,一宮市,白旗通,10
23203,230042,1022,一宮市,常願通,10
23203,230043,563,一宮市,高畑町,10
23203,230044,53,一宮市,竹橋町,10
23203,230045,173,一宮市,田島町,10
23203,230046,453,一宮市,寺島町,10
23203,230047,64,一宮市,寺前町,10
23203,230048,480,一宮市,殿町,10
23203,230049,796,一宮市,中島通,10
23203,230050,1180,一宮市,長島町,10
23203,230051,77,一宮市,西小原町,10
23203,230052,1160,一宮市,西島町,10
23203,230053,272,一宮市,西出町,10
23203,230054,99,一宮市,日光町,10
23203,230055,456,一宮市,八町通,10
23203,230056,216,一宮市,浜町,10
23203,230057,150,一宮市,東印田町,10
23203,230058,493,一宮市,東島町,10
23203,230059,266,一宮市,東出町,10
23203,230060,271,一宮市,東両郷町,10
23203,230061,89,一宮市,深坪町,10
23203,230062,295,一宮市,町丁字コード1120の計,10
23203,230063,725,一宮市,別明町,10
23203,230064,269,一宮市,北丹町,10
23203,230065,64,一宮市,本町通,10
23203,230066,124,一宮市,松島町,10
23203,230067,500,一宮市,松降通,10
23203,230068,462,一宮市,松山町,10
23203,230069,172,一宮市,水落町,10
23203,230070,114,一宮市,水附町,10
23203,230071,304,一宮市,南出町,10
23203,230072,207,一宮市,宮西通,10
23203,230073,847,一宮市,向山町,10
23203,230074,161,一宮市,明治通,10
23203,230075,550,一宮市,柳戸町,10
23203,230076,823,一宮市,両郷町,10
23203,230077,669,一宮市,枠杁町,10
23203,230078,1987,一宮市,神山,10
23203,230079,1253,一宮市,苅安賀,10
23203,230080,2095,一宮市,昭和,10
23203,230081,3138,一宮市,新生,10
23203,230082,2773,一宮市,末広,10
23203,230083,1359,一宮市,住吉,10
23203,230084,1139,一宮市,野口,10
23203,230085,2445,一宮市,平和,10
23203,230086,246,一宮市,せんい,10
23203,230087,686,一宮市,若竹,10
23203,230088,1397,一宮市,赤見,10
23203,230089,567,一宮市,朝日,10
23203,230090,1413,一宮市,泉,10
23203,230091,1149,一宮市,大江,10
23203,230092,452,一宮市,大浜,10
23203,230093,1799,一宮市,大宮,10
23203,230094,1773,一宮市,音羽,10
23203,230095,993,一宮市,貴船,10
23203,230096,1909,一宮市,栄,10
23203,230097,1152,一宮市,桜,10
23203,230098,1221,一宮市,大志,10
23203,230099,1425,一宮市,天王,10
23203,230100,174,一宮市,羽衣,10
23203,230101,3028,一宮市,八幡,10
23203,230102,1781,一宮市,富士,10
23203,230103,503,一宮市,文京,10
23203,230104,1939,一宮市,本町,10
23203,230105,607,一宮市,真清田,10
23203,230106,761,一宮市,松降,10
23203,230107,1951,一宮市,緑,10
23203,230108,813,一宮市,和光,10
23203,230109,234,一宮市,島崎,10
23203,230110,1366,一宮市,平島,10
23203,230111,166,一宮市,平安,10
23203,230112,830,一宮市,観音寺,10
23203,230113,896,一宮市,中町,10
23203,230114,5981,一宮市,花池,10
23203,230115,1019,一宮市,宮地,10
23203,230116,327,一宮市,妙興寺,10
23203,230117,1726,一宮市,あずら,10
23203,230118,4712,一宮市,多加木,10
23203,230119,421,一宮市,向山南,10
23203,230120,4777,一宮市,森本,10
23203,230121,3230,一宮市,三ツ井,10
23203,230122,1849,一宮市,猿海道,10
23203,230123,2116,一宮市,大毛,10
23203,230124,3932,一宮市,光明寺,10
23203,230125,1206,一宮市,笹野,10
23203,230126,1769,一宮市,佐千原,10
23203,230127,955,一宮市,更屋敷,10
23203,230128,3110,一宮市,島村,10
23203,230129,386,一宮市,杉山,10
23203,230130,1272,一宮市,高田,10
23203,230131,291,一宮市,田所,10
23203,230132,953,一宮市,富塚,10
23203,230133,5174,一宮市,浅野,10
23203,230134,3195,一宮市,大赤見,10
23203,230135,1660,一宮市,北小渕,10
23203,230136,514,一宮市,小赤見,10
23203,230137,3899,一宮市,春明,10
23203,230138,991,一宮市,定水寺,10
23203,230139,3640,一宮市,瀬部,10
23203,230140,5020,一宮市,時之島,10
23203,230141,2247,一宮市,西大海道,10
23203,230142,1908,一宮市,丹羽,10
23203,230143,1642,一宮市,馬見塚,10
23203,230144,1461,一宮市,南小渕,10
23203,230145,1345,一宮市,柚木颪,10
23203,230146,591,一宮市,丹陽町五日市場,10
23203,230147,1651,一宮市,丹陽町九日市場,10
23203,230148,764,一宮市,丹陽町重吉,10
23203,230149,46,一宮市,丹陽町多加木,10
23203,230150,4563,一宮市,伝法寺,10
23203,230151,1107,一宮市,丹陽町外崎,10
23203,230152,12,一宮市,丹陽町三ツ井,10
23203,230153,129,一宮市,丹陽町森本,10
23203,230154,1927,一宮市,浅井町江森,10
23203,230155,925,一宮市,浅井町大野,10
23203,230156,2151,一宮市,浅井町大日比野,10
23203,230157,3492,一宮市,浅井町尾関,10
23203,230158,854,一宮市,浅井町黒岩,10
23203,230159,1119,一宮市,浅井町河田,10
23203,230160,1265,一宮市,浅井町河端,10
23203,230161,2804,一宮市,浅井町小日比野,10
23203,230162,264,一宮市,浅井町極楽寺,10
23203,230163,1161,一宮市,浅井町西浅井,10
23203,230164,912,一宮市,浅井町西海戸,10
23203,230165,1554,一宮市,浅井町東浅井,10
23203,230166,924,一宮市,浅井町前野,10
23203,230167,6379,一宮市,北方町北方,10
23203,230168,1009,一宮市,北方町曽根,10
23203,230169,1643,一宮市,北方町中島,10
23203,230170,1062,一宮市,大和町氏永,10
23203,230171,1272,一宮市,大和町於保,10
23203,230172,3638,一宮市,大和町苅安賀,10
23203,230173,852,一宮市,大和町北高井,10
23203,230174,2447,一宮市,大和町戸塚,10
23203,230175,738,一宮市,大和町福森,10
23203,230176,5081,一宮市,大和町馬引,10
23203,230177,1144,一宮市,大和町南高井,10
23203,230178,752,一宮市,大和町宮地花池,10
23203,230179,6212,一宮市,大和町妙興寺,10
23203,230180,2717,一宮市,大和町毛受,10
23203,230181,10815,一宮市,今伊勢町馬寄,10
23203,230182,2743,一宮市,今伊勢町新神戸,10
23203,230183,6075,一宮市,今伊勢町本神戸,10
23203,230184,6495,一宮市,今伊勢町宮後,10
23203,230185,14334,一宮市,奥町,10
23203,230186,1708,一宮市,萩原町朝宮,10
23203,230187,649,一宮市,萩原町河田方,10
23203,230188,2295,一宮市,萩原町串作,10
23203,230189,794,一宮市,萩原町高木,10
23203,230190,324,一宮市,萩原町高松,10
23203,230191,359,一宮市,萩原町滝,10
23203,230192,370,一宮市,萩原町築込,10
23203,230193,650,一宮市,萩原町戸苅,10
23203,230194,1179,一宮市,萩原町富田方,10
23203,230195,1008,一宮市,萩原町中島,10
23203,230196,2392,一宮市,萩原町西御堂,10
23203,230197,460,一宮市,萩原町西宮重,10
23203,230198,3271,一宮市,萩原町萩原,10
23203,230199,1203,一宮市,萩原町花井方,10
23203,230200,598,一宮市,萩原町林野,10
23203,230201,400,一宮市,萩原町東宮重,10
23203,230202,1746,一宮市,千秋町浅野羽根,10
23203,230203,403,一宮市,千秋町一色,10
23203,230204,1169,一宮市,千秋町浮野,10
23203,230205,1162,一宮市,千秋町小山,10
23203,230206,638,一宮市,千秋町勝栗,10
23203,230207,3634,一宮市,千秋町加納馬場,10
23203,230208,1243,一宮市,千秋町加茂,10
23203,230209,2433,一宮市,千秋町佐野,10
23203,230210,598,一宮市,千秋町塩尻,10
23203,230211,527,一宮市,千秋町芝原,10
23203,230212,946,一宮市,千秋町天摩,10
23203,230213,555,一宮市,千秋町穂積塚本,10
23203,230214,1835,一宮市,千秋町町屋,10
23203,230215,3093,一宮市,起,10
23203,230216,7827,一宮市,小信中島,10
23203,230217,8503,一宮市,三条,10
23203,230218,2272,一宮市,北今,10
23203,230219,4755,一宮市,東五城,10
23203,230220,2840,一宮市,西五城,10
23203,230221,2313,一宮市,冨田,10
23203,230222,3435,一宮市,明地,10
23203,230223,2080,一宮市,玉野,10
23203,230224,1920,一宮市,上祖父江,10
23203,230225,292,一宮市,西中野,10
23203,230226,1486,一宮市,祐久,10
23203,230227,862,一宮市,東加賀野井,10
23203,230228,1173,一宮市,西萩原,10
23203,230229,789,一宮市,蓮池,10
23203,230230,11271,一宮市,開明,10
23203,230231,2191,一宮市,篭屋,10
23203,230232,4715,一宮市,木曽川町門間,10
23203,230233,13521,一宮市,木曽川町黒田,10
23203,230234,1203,一宮市,木曽川町内割田,10
23203,230235,2675,一宮市,木曽川町外割田,10
23203,230236,5404,一宮市,木曽川町玉ノ井,10
23203,230237,596,一宮市,木曽川町三ツ法寺,10
23203,230238,5311,一宮市,木曽川町里小牧,10
23203,230239,212,一宮市,南印田,10
23203,230240,364,一宮市,下田,10
23203,230241,729,一宮市,相生,10
23204,230242,89,瀬戸市,西十三塚町,6
23204,230243,216,瀬戸市,東十三塚町,6
23204,230244,806,瀬戸市,下陣屋町,6
23204,230245,131,瀬戸市,上陣屋町,6
23204,230246,232,瀬戸市,東安戸町,6
23204,230247,245,瀬戸市,安戸町,6
23204,230248,316,瀬戸市,道泉町,6
23204,230249,199,瀬戸市,西谷町,6
23204,230250,228,瀬戸市,窯神町,6
23204,230251,147,瀬戸市,背戸側町,6
23204,230252,123,瀬戸市,仲切町,6
23204,230253,70,瀬戸市,朝日町,6
23204,230254,28,瀬戸市,栄町,6
23204,230255,248,瀬戸市,陶本町,6
23204,230256,131,瀬戸市,山脇町,6
23204,230257,279,瀬戸市,元町,6
23204,230258,153,瀬戸市,滝之湯町,6
23204,230259,212,瀬戸市,京町,6
23204,230260,210,瀬戸市,深川町,6
23204,230261,156,瀬戸市,宮里町,6
23204,230262,66,瀬戸市,湯之根町,6
23204,230263,193,瀬戸市,西印所町,6
23204,230264,93,瀬戸市,東印所町,6
23204,230265,286,瀬戸市,泉町,6
23204,230266,83,瀬戸市,宮脇町,6
23204,230267,91,瀬戸市,新道町,6
23204,230268,99,瀬戸市,刎田町,6
23204,230269,166,瀬戸市,須原町,6
23204,230270,21,瀬戸市,藤四郎町,6
23204,230271,151,瀬戸市,東郷町,6
23204,230272,130,瀬戸市,前田町,6
23204,230273,83,瀬戸市,杉塚町,6
23204,230274,117,瀬戸市,薬師町,6
23204,230275,154,瀬戸市,末広町,6
23204,230276,144,瀬戸市,古瀬戸町,6
23204,230277,51,瀬戸市,西古瀬戸町,6
23204,230278,504,瀬戸市,紺屋田町,6
23204,230279,915,瀬戸市,五位塚町,6
23204,230280,0,瀬戸市,馬ケ城町,6
23204,230281,184,瀬戸市,東古瀬戸町,6
23204,230282,76,瀬戸市,西拝戸町,6
23204,230283,622,瀬戸市,東拝戸町,6
23204,230284,142,瀬戸市,東町,6
23204,230285,134,瀬戸市,東洞町,6
23204,230286,52,瀬戸市,南東町,6
23204,230287,119,瀬戸市,西洞町,6
23204,230288,64,瀬戸市,仲洞町,6
23204,230289,102,瀬戸市,寺本町,6
23204,230290,71,瀬戸市,王子沢町,6
23204,230291,1598,瀬戸市,塩草町,6
23204,230292,148,瀬戸市,太子町,6
23204,230293,330,瀬戸市,新明町,6
23204,230294,232,瀬戸市,小空町,6
23204,230295,118,瀬戸市,東明町,6
23204,230296,205,瀬戸市,西窯町,6
23204,230297,66,瀬戸市,中畑町,6
23204,230298,129,瀬戸市,赤津町,6
23204,230299,428,瀬戸市,窯元町,6
23204,230300,61,瀬戸市,針原町,6
23204,230301,0,瀬戸市,長谷口町,6
23204,230302,152,瀬戸市,八王子町,6
23204,230303,131,瀬戸市,白坂町,6
23204,230304,0,瀬戸市,西白坂町,6
23204,230305,0,瀬戸市,中白坂町,6
23204,230306,0,瀬戸市,北白坂町,6
23204,230307,0,瀬戸市,東白坂町,6
23204,230308,0,瀬戸市,南白坂町,6
23204,230309,0,瀬戸市,凧山町,6
23204,230310,0,瀬戸市,巡間町,6
23204,230311,0,瀬戸市,惣作町,6
23204,230312,0,瀬戸市,鐘場町,6
23204,230313,0,瀬戸市,門前町,6
23204,230314,0,瀬戸市,西山路町,6
23204,230315,0,瀬戸市,山路町,6
23204,230316,13,瀬戸市,東山路町,6
23204,230317,0,瀬戸市,上山路町,6
23204,230318,85,瀬戸市,南仲之切町,6
23204,230319,88,瀬戸市,蛭子町,6
23204,230320,21,瀬戸市,祖母懐町,6
23204,230321,119,瀬戸市,陶生町,6
23204,230322,89,瀬戸市,西郷町,6
23204,230323,114,瀬戸市,仲郷町,6
23204,230324,226,瀬戸市,一里塚町,6
23204,230325,76,瀬戸市,中山町,6
23204,230326,52,瀬戸市,川合町,6
23204,230327,243,瀬戸市,春雨町,6
23204,230328,69,瀬戸市,上ノ切町,6
23204,230329,140,瀬戸市,秋葉町,6
23204,230330,214,瀬戸市,東茨町,6
23204,230331,132,瀬戸市,陶栄町,6
23204,230332,109,瀬戸市,東本町,6
23204,230333,702,瀬戸市,萩殿町,6
23204,230334,35,瀬戸市,西蔵所町,6
23204,230335,77,瀬戸市,蔵所町,6
23204,230336,224,瀬戸市,西本町,6
23204,230337,87,瀬戸市,銀杏木町,6
23204,230338,475,瀬戸市,西茨町,6
23204,230339,33,瀬戸市,幸町,6
23204,230340,1081,瀬戸市,東権現町,6
23204,230341,150,瀬戸市,西権現町,6
23204,230342,295,瀬戸市,熊野町,6
23204,230343,1045,瀬戸市,陶原町,6
23204,230344,401,瀬戸市,東吉田町,6
23204,230345,1346,瀬戸市,水無瀬町,6
23204,230346,675,瀬戸市,瘤木町,6
23204,230347,485,瀬戸市,西吉田町,6
23204,230348,1004,瀬戸市,見付町,6
23204,230349,1241,瀬戸市,共栄通,6
23204,230350,454,瀬戸市,北浦町,6
23204,230351,694,瀬戸市,川端町,6
23204,230352,203,瀬戸市,市場町,6
23204,230353,68,瀬戸市,城屋敷町,6
23204,230354,391,瀬戸市,東寺山町,6
23204,230355,409,瀬戸市,西寺山町,6
23204,230356,1008,瀬戸市,東長根町,6
23204,230357,957,瀬戸市,城ケ根町,6
23204,230358,874,瀬戸市,神川町,6
23204,230359,529,瀬戸市,美濃池町,6
23204,230360,713,瀬戸市,西長根町,6
23204,230361,265,瀬戸市,追分町,6
23204,230362,393,瀬戸市,今池町,6
23204,230363,396,瀬戸市,汗干町,6
23204,230364,382,瀬戸市,孫田町,6
23204,230365,1226,瀬戸市,北脇町,6
23204,230366,393,瀬戸市,效範町,6
23204,230367,977,瀬戸市,平町,6
23204,230368,586,瀬戸市,田端町,6
23204,230369,614,瀬戸市,川西町,6
23204,230370,948,瀬戸市,川北町,6
23204,230371,1405,瀬戸市,西山町,6
23204,230372,1820,瀬戸市,南山町,6
23204,230373,2546,瀬戸市,東山町,6
23204,230374,806,瀬戸市,松原町,6
23204,230375,1399,瀬戸市,山手町,6
23204,230376,1669,瀬戸市,北山町,6
23204,230377,141,瀬戸市,西追分町,6
23204,230378,452,瀬戸市,東横山町,6
23204,230379,621,瀬戸市,水南町,6
23204,230380,2284,瀬戸市,苗場町,6
23204,230381,1703,瀬戸市,東松山町,6
23204,230382,584,瀬戸市,小金町,6
23204,230383,448,瀬戸市,進陶町,6
23204,230384,2097,瀬戸市,西松山町,6
23204,230385,881,瀬戸市,北松山町,6
23204,230386,945,瀬戸市,上松山町,6
23204,230387,27,瀬戸市,余床町,6
23204,230388,272,瀬戸市,曽野町,6
23204,230389,1023,瀬戸市,水北町,6
23204,230390,298,瀬戸市,穴田町,6
23204,230391,640,瀬戸市,上水野町,6
23204,230392,672,瀬戸市,上本町,6
23204,230393,0,瀬戸市,川平町,6
23204,230394,1241,瀬戸市,本郷町,6
23204,230395,365,瀬戸市,十軒町,6
23204,230396,175,瀬戸市,鹿乗町,6
23204,230397,86,瀬戸市,日の出町,6
23204,230398,1370,瀬戸市,中水野町,6
23204,230399,550,瀬戸市,三沢町,6
23204,230400,436,瀬戸市,小田妻町,6
23204,230401,777,瀬戸市,内田町,6
23204,230402,81,瀬戸市,八床町,6
23204,230403,4489,瀬戸市,品野町,6
23204,230404,219,瀬戸市,落合町,6
23204,230405,474,瀬戸市,北丘町,6
23204,230406,193,瀬戸市,広之田町,6
23204,230407,504,瀬戸市,中品野町,6
23204,230408,77,瀬戸市,井山町,6
23204,230409,162,瀬戸市,鳥原町,6
23204,230410,12,瀬戸市,岩屋町,6
23204,230411,1830,瀬戸市,窯町,6
23204,230412,1035,瀬戸市,上品野町,6
23204,230413,91,瀬戸市,白岩町,6
23204,230414,67,瀬戸市,片草町,6
23204,230415,205,瀬戸市,上半田川町,6
23204,230416,355,瀬戸市,下半田川町,6
23204,230417,260,瀬戸市,定光寺町,6
23204,230418,544,瀬戸市,赤重町,6
23204,230419,629,瀬戸市,新郷町,6
23204,230420,1751,瀬戸市,幡野町,6
23204,230421,1285,瀬戸市,原山町,6
23204,230422,1434,瀬戸市,高根町,6
23204,230423,522,瀬戸市,西原町,6
23204,230424,341,瀬戸市,東本地町,6
23204,230425,119,瀬戸市,駒前町,6
23204,230426,356,瀬戸市,西本地町,6
23204,230427,227,瀬戸市,小坂町,6
23204,230428,771,瀬戸市,坂上町,6
23204,230429,852,瀬戸市,坊金町,6
23204,230430,499,瀬戸市,井戸金町,6
23204,230431,416,瀬戸市,山の田町,6
23204,230432,722,瀬戸市,菱野町,6
23204,230433,822,瀬戸市,福元町,6
23204,230434,727,瀬戸市,瀬戸口町,6
23204,230435,684,瀬戸市,幡山町,6
23204,230436,431,瀬戸市,東菱野町,6
23204,230437,552,瀬戸市,西米泉町,6
23204,230438,389,瀬戸市,東米泉町,6
23204,230439,133,瀬戸市,幡西町,6
23204,230440,118,瀬戸市,西脇町,6
23204,230441,140,瀬戸市,羽根町,6
23204,230442,166,瀬戸市,新田町,6
23204,230443,86,瀬戸市,弁天町,6
23204,230444,150,瀬戸市,南菱野町,6
23204,230445,23,瀬戸市,幡中町,6
23204,230446,125,瀬戸市,台六町,6
23204,230447,42,瀬戸市,南ケ丘町,6
23204,230448,463,瀬戸市,今林町,6
23204,230449,1000,瀬戸市,石田町,6
23204,230450,517,瀬戸市,大坂町,6
23204,230451,1147,瀬戸市,池田町,6
23204,230452,442,瀬戸市,矢形町,6
23204,230453,603,瀬戸市,柳ケ坪町,6
23204,230454,574,瀬戸市,宝ケ丘町,6
23204,230455,316,瀬戸市,八幡町,6
23204,230456,0,瀬戸市,せいれい町,6
23204,230457,832,瀬戸市,若宮町,6
23204,230458,0,瀬戸市,海上町,6
23204,230459,190,瀬戸市,屋戸町,6
23204,230460,0,瀬戸市,広久手町,6
23204,230461,629,瀬戸市,山口町,6
23204,230462,664,瀬戸市,田中町,6
23204,230463,100,瀬戸市,南山口町,6
23204,230464,228,瀬戸市,掛下町,6
23204,230465,1757,瀬戸市,上之山町,6
23204,230466,263,瀬戸市,宮地町,6
23204,230467,102,瀬戸市,吉野町,6
23204,230468,174,瀬戸市,大坪町,6
23204,230469,1184,瀬戸市,東赤重町,6
23204,230470,732,瀬戸市,緑町,6
23204,230471,1442,瀬戸市,白山町,6
23204,230472,921,瀬戸市,さつき台,6
23204,230473,961,瀬戸市,すみれ台,6
23204,230474,758,瀬戸市,ひまわり台,6
23204,230475,660,瀬戸市,はぎの台,6
23204,230476,483,瀬戸市,ききょう台,6
23204,230477,177,瀬戸市,ゆりの台,6
23204,230478,479,瀬戸市,ふじの台,6
23204,230479,2844,瀬戸市,原山台,6
23204,230480,467,瀬戸市,菱野台,6
23204,230481,2802,瀬戸市,萩山台,6
23204,230482,4043,瀬戸市,八幡台,6
23204,230483,2031,瀬戸市,やまて坂,6
23204,230484,1330,瀬戸市,北みずの坂,6
23204,230485,3307,瀬戸市,みずの坂,6
23205,230486,114022,半田市,-,8
23206,230487,302024,春日井市,-,6
23207,230488,178546,豊川市,-,14
23208,230489,59595,津島市,-,9
23209,230490,67413,碧南市,-,13
23210,230491,149126,刈谷市,-,13
23211,230492,551,豊田市,逢妻町,11
23211,230493,1804,豊田市,秋葉町,11
23211,230494,1249,豊田市,曙町,11
23211,230495,2377,豊田市,朝日ケ丘,11
23211,230496,3427,豊田市,朝日町,11
23211,230497,2138,豊田市,今町,11
23211,230498,3136,豊田市,梅坪町,11
23211,230499,902,豊田市,上挙母,11
23211,230500,953,豊田市,栄生町,11
23211,230501,2881,豊田市,小川町,11
23211,230502,155,豊田市,大池町,11
23211,230503,0,豊田市,落合町,11
23211,230504,3413,豊田市,柿本町,11
23211,230505,2069,豊田市,金谷町,11
23211,230506,1837,豊田市,河合町,11
23211,230507,0,豊田市,川端町,11
23211,230508,524,豊田市,神田町,11
23211,230509,1245,豊田市,喜多町,11
23211,230510,3296,豊田市,京町,11
23211,230511,709,豊田市,久保町,11
23211,230512,85,豊田市,鴻ノ巣町,11
23211,230513,4457,豊田市,小坂町,11
23211,230514,2892,豊田市,小坂本町,11
23211,230515,3296,豊田市,寿町,11
23211,230516,594,豊田市,挙母町,11
23211,230517,46,豊田市,衣ケ原,11
23211,230518,2065,豊田市,栄町,11
23211,230519,317,豊田市,桜町,11
23211,230520,2315,豊田市,三軒町,11
23211,230521,658,豊田市,汐見町,11
23211,230522,1027,豊田市,清水町,11
23211,230523,1910,豊田市,下市場町,11
23211,230524,2034,豊田市,下林町,11
23211,230525,579,豊田市,樹木町,11
23211,230526,798,豊田市,昭和町,11
23211,230527,0,豊田市,白浜町,11
23211,230528,824,豊田市,新生町,11
23211,230529,1483,豊田市,陣中町,11
23211,230530,1395,豊田市,新町,11
23211,230531,749,豊田市,神明町,11
23211,230532,3058,豊田市,水源町,11
23211,230533,0,豊田市,砂町,11
23211,230534,2695,豊田市,聖心町,11
23211,230535,1477,豊田市,千足町,11
23211,230536,83,豊田市,太平町,11
23211,230537,451,豊田市,高崎町,11
23211,230538,829,豊田市,高原町,11
23211,230539,478,豊田市,竹生町,11
23211,230540,208,豊田市,田代町,11
23211,230541,5090,豊田市,田中町,11
23211,230542,0,豊田市,田町,11
23211,230543,853,豊田市,長興寺,11
23211,230544,951,豊田市,司町,11
23211,230545,1061,豊田市,月見町,11
23211,230546,1772,豊田市,土橋町,11
23211,230547,0,豊田市,貞宝町,11
23211,230548,342,豊田市,天王町,11
23211,230549,2024,豊田市,東新町,11
23211,230550,518,豊田市,常盤町,11
23211,230551,667,豊田市,十塚町,11
23211,230552,1099,豊田市,トヨタ町,11
23211,230553,0,豊田市,中島町,11
23211,230554,270,豊田市,錦町,11
23211,230555,0,豊田市,西新町,11
23211,230556,587,豊田市,西町,11
23211,230557,749,豊田市,西山町,11
23211,230558,1804,豊田市,日南町,11
23211,230559,628,豊田市,白山町,11
23211,230560,42,豊田市,八幡町,11
23211,230561,163,豊田市,花丘町,11
23211,230562,2369,豊田市,東梅坪町,11
23211,230563,526,豊田市,久岡町,11
23211,230564,1425,豊田市,日之出町,11
23211,230565,2494,豊田市,平芝町,11
23211,230566,1657,豊田市,平山町,11
23211,230567,1771,豊田市,広久手町,11
23211,230568,79,豊田市,広路町,11
23211,230569,1447,豊田市,深田町,11
23211,230570,1586,豊田市,平和町,11
23211,230571,410,豊田市,細谷町,11
23211,230572,1236,豊田市,本新町,11
23211,230573,1815,豊田市,本地町,11
23211,230574,124,豊田市,前田町,11
23211,230575,2512,豊田市,前山町,11
23211,230576,127,豊田市,松ケ枝町,11
23211,230577,453,豊田市,丸根町,11
23211,230578,2770,豊田市,丸山町,11
23211,230579,517,豊田市,瑞穂町,11
23211,230580,1737,豊田市,緑ケ丘,11
23211,230581,2813,豊田市,宮上町,11
23211,230582,746,豊田市,宮口町,11
23211,230583,1621,豊田市,美山町,11
23211,230584,1117,豊田市,宮町,11
23211,230585,120,豊田市,御幸町,11
23211,230586,3335,豊田市,明和町,11
23211,230587,594,豊田市,元城町,11
23211,230588,0,豊田市,元町,11
23211,230589,238,豊田市,元宮町,11
23211,230590,4494,豊田市,山之手,11
23211,230591,682,豊田市,横山町,11
23211,230592,0,豊田市,竜宮町,11
23211,230593,381,豊田市,若草町,11
23211,230594,887,豊田市,若宮町,11
23211,230595,123,豊田市,池田町,11
23211,230596,5071,豊田市,市木町,11
23211,230597,1731,豊田市,泉町,11
23211,230598,959,豊田市,岩滝町,11
23211,230599,2080,豊田市,上野町,11
23211,230600,211,豊田市,大見町,11
23211,230601,112,豊田市,川田町,11
23211,230602,1530,豊田市,神池町,11
23211,230603,1392,豊田市,京ケ峰,11
23211,230604,1598,豊田市,古瀬間町,11
23211,230605,41,豊田市,琴平町,11
23211,230606,3078,豊田市,志賀町,11
23211,230607,1106,豊田市,渋谷町,11
23211,230608,250,豊田市,千石町,11
23211,230609,785,豊田市,高橋町,11
23211,230610,1494,豊田市,寺部町,11
23211,230611,149,豊田市,渡合町,11
23211,230612,1221,豊田市,百々町,11
23211,230613,864,豊田市,野見町,11
23211,230614,2385,豊田市,野見山町,11
23211,230615,3558,豊田市,東山町,11
23211,230616,494,豊田市,平井町,11
23211,230617,1043,豊田市,広川町,11
23211,230618,613,豊田市,扶桑町,11
23211,230619,929,豊田市,宝来町,11
23211,230620,26,豊田市,水間町,11
23211,230621,653,豊田市,御立町,11
23211,230622,0,豊田市,宮前町,11
23211,230623,392,豊田市,室町,11
23211,230624,272,豊田市,森町,11
23211,230625,0,豊田市,社町,11
23211,230626,627,豊田市,矢並町,11
23211,230627,1767,豊田市,高上,11
23211,230628,7426,豊田市,美里,11
23211,230629,661,豊田市,双美町,11
23211,230630,1577,豊田市,美和町,11
23211,230631,5678,豊田市,五ケ丘,11
23211,230632,1559,豊田市,畝部西町,11
23211,230633,2230,豊田市,畝部東町,11
23211,230634,1394,豊田市,永覚町,11
23211,230635,3695,豊田市,永覚新町,11
23211,230636,4287,豊田市,鴛鴨町,11
23211,230637,2523,豊田市,和会町,11
23211,230638,3551,豊田市,上郷町,11
23211,230639,870,豊田市,幸町,11
23211,230640,217,豊田市,大成町,11
23211,230641,1549,豊田市,渡刈町,11
23211,230642,1091,豊田市,配津町,11
23211,230643,749,豊田市,広美町,11
23211,230644,890,豊田市,福受町,11
23211,230645,4744,豊田市,豊栄町,11
23211,230646,3168,豊田市,桝塚西町,11
23211,230647,573,豊田市,桝塚東町,11
23211,230648,1158,豊田市,生駒町,11
23211,230649,1997,豊田市,大島町,11
23211,230650,8739,豊田市,大林町,11
23211,230651,783,豊田市,上丘町,11
23211,230652,968,豊田市,駒新町,11
23211,230653,2491,豊田市,駒場町,11
23211,230654,2396,豊田市,住吉町,11
23211,230655,1320,豊田市,高岡町,11
23211,230656,642,豊田市,高丘新町,11
23211,230657,1550,豊田市,高岡本町,11
23211,230658,1523,豊田市,高美町,11
23211,230659,1051,豊田市,宝町,11
23211,230660,1039,豊田市,竹町,11
23211,230661,2771,豊田市,竹元町,11
23211,230662,2467,豊田市,堤町,11
23211,230663,403,豊田市,堤本町,11
23211,230664,1737,豊田市,中町,11
23211,230665,1849,豊田市,中田町,11
23211,230666,3190,豊田市,中根町,11
23211,230667,4890,豊田市,西岡町,11
23211,230668,236,豊田市,西田町,11
23211,230669,7168,豊田市,花園町,11
23211,230670,1352,豊田市,広田町,11
23211,230671,959,豊田市,本町,11
23211,230672,762,豊田市,本田町,11
23211,230673,1387,豊田市,前林町,11
23211,230674,3188,豊田市,御幸本町,11
23211,230675,3108,豊田市,吉原町,11
23211,230676,1534,豊田市,竜神町,11
23211,230677,3633,豊田市,若林西町,11
23211,230678,8968,豊田市,若林東町,11
23211,230679,4111,豊田市,青木町,11
23211,230680,1292,豊田市,荒井町,11
23211,230681,6340,豊田市,井上町,11
23211,230682,1928,豊田市,上原町,11
23211,230683,364,豊田市,乙部町,11
23211,230684,874,豊田市,加納町,11
23211,230685,2749,豊田市,亀首町,11
23211,230686,2725,豊田市,越戸町,11
23211,230687,787,豊田市,猿投町,11
23211,230688,4473,豊田市,四郷町,11
23211,230689,266,豊田市,枝下町,11
23211,230690,876,豊田市,高町,11
23211,230691,461,豊田市,西広瀬町,11
23211,230692,962,豊田市,花本町,11
23211,230693,4059,豊田市,平戸橋町,11
23211,230694,175,豊田市,本徳町,11
23211,230695,503,豊田市,舞木町,11
23211,230696,2475,豊田市,御船町,11
23211,230697,1646,豊田市,伊保町,11
23211,230698,208,豊田市,大畑町,11
23211,230699,2518,豊田市,大清水町,11
23211,230700,1716,豊田市,貝津町,11
23211,230701,467,豊田市,篠原町,11
23211,230702,12394,豊田市,浄水町,11
23211,230703,303,豊田市,田籾町,11
23211,230704,316,豊田市,広幡町,11
23211,230705,736,豊田市,東保見町,11
23211,230706,1799,豊田市,保見町,11
23211,230707,999,豊田市,八草町,11
23211,230708,3187,豊田市,保見ケ丘,11
23211,230709,123,豊田市,石野町,11
23211,230710,23,豊田市,押沢町,11
23211,230711,63,豊田市,小呂町,11
23211,230712,88,豊田市,上高町,11
23211,230713,635,豊田市,勘八町,11
23211,230714,83,豊田市,国附町,11
23211,230715,108,豊田市,小峯町,11
23211,230716,87,豊田市,城見町,11
23211,230717,35,豊田市,下室町,11
23211,230718,26,豊田市,滝見町,11
23211,230719,242,豊田市,力石町,11
23211,230720,67,豊田市,千鳥町,11
23211,230721,117,豊田市,寺下町,11
23211,230722,532,豊田市,手呂町,11
23211,230723,66,豊田市,富田町,11
23211,230724,305,豊田市,中金町,11
23211,230725,118,豊田市,中切町,11
23211,230726,72,豊田市,成合町,11
23211,230727,208,豊田市,野口町,11
23211,230728,953,豊田市,東広瀬町,11
23211,230729,82,豊田市,藤沢町,11
23211,230730,99,豊田市,芳友町,11
23211,230731,44,豊田市,松嶺町,11
23211,230732,145,豊田市,山中町,11
23211,230733,235,豊田市,幸海町,11
23211,230734,227,豊田市,穂積町,11
23211,230735,841,豊田市,松平志賀町,11
23211,230736,1852,豊田市,岩倉町,11
23211,230737,891,豊田市,九久平町,11
23211,230738,587,豊田市,鵜ケ瀬町,11
23211,230739,608,豊田市,中垣内町,11
23211,230740,251,豊田市,桂野町,11
23211,230741,105,豊田市,加茂川町,11
23211,230742,150,豊田市,滝脇町,11
23211,230743,73,豊田市,長沢町,11
23211,230744,275,豊田市,林添町,11
23211,230745,153,豊田市,大内町,11
23211,230746,137,豊田市,鍋田町,11
23211,230747,125,豊田市,王滝町,11
23211,230748,62,豊田市,石楠町,11
23211,230749,308,豊田市,豊松町,11
23211,230750,361,豊田市,坂上町,11
23211,230751,219,豊田市,松平町,11
23211,230752,951,豊田市,巴町,11
23211,230753,3660,豊田市,乙部ヶ丘,11
23211,230754,747,豊田市,幸穂台,11
23211,230755,1537,豊田市,藤岡飯野町,11
23211,230756,387,豊田市,石飛町,11
23211,230757,696,豊田市,北一色町,11
23211,230758,458,豊田市,迫町,11
23211,230759,2156,豊田市,深見町,11
23211,230760,7785,豊田市,西中山町,11
23211,230761,107,豊田市,田茂平町,11
23211,230762,728,豊田市,御作町,11
23211,230763,86,豊田市,上川口町,11
23211,230764,96,豊田市,下川口町,11
23211,230765,777,豊田市,木瀬町,11
23211,230766,260,豊田市,三箇町,11
23211,230767,26,豊田市,大岩町,11
23211,230768,341,豊田市,白川町,11
23211,230769,126,豊田市,西市野々町,11
23211,230770,1044,豊田市,石畳町,11
23211,230771,313,豊田市,北曽木町,11
23211,230772,609,豊田市,折平町,11
23211,230773,848,豊田市,上渡合町,11
23211,230774,370,豊田市,大平町,11
23211,230775,55,豊田市,荷掛町,11
23211,230776,66,豊田市,寺平町,11
23211,230777,83,豊田市,乙ケ林町,11
23211,230778,41,豊田市,三ツ久保町,11
23211,230779,76,豊田市,大洞町,11
23211,230780,41,豊田市,千洗町,11
23211,230781,271,豊田市,沢田町,11
23211,230782,19,豊田市,西萩平町,11
23211,230783,30,豊田市,喜佐平町,11
23211,230784,193,豊田市,北篠平町,11
23211,230785,158,豊田市,上仁木町,11
23211,230786,49,豊田市,川見町,11
23211,230787,81,豊田市,東郷町,11
23211,230788,68,豊田市,大ケ蔵連町,11
23211,230789,16,豊田市,雑敷町,11
23211,230790,37,豊田市,柏ケ洞町,11
23211,230791,54,豊田市,前洞町,11
23211,230792,82,豊田市,小原田代町,11
23211,230793,72,豊田市,小原北町,11
23211,230794,0,豊田市,北大野町,11
23211,230795,35,豊田市,小原大倉町,11
23211,230796,172,豊田市,永太郎町,11
23211,230797,34,豊田市,松名町,11
23211,230798,28,豊田市,宮代町,11
23211,230799,40,豊田市,苅萱町,11
23211,230800,0,豊田市,平岩町,11
23211,230801,15,豊田市,西丹波町,11
23211,230802,11,豊田市,岩下町,11
23211,230803,140,豊田市,下仁木町,11
23211,230804,50,豊田市,遊屋町,11
23211,230805,226,豊田市,小原町,11
23211,230806,45,豊田市,大坂町,11
23211,230807,24,豊田市,鍛冶屋敷町,11
23211,230808,102,豊田市,李町,11
23211,230809,123,豊田市,市場町,11
23211,230810,98,豊田市,西細田町,11
23211,230811,46,豊田市,川下町,11
23211,230812,42,豊田市,榑俣町,11
23211,230813,57,豊田市,平畑町,11
23211,230814,30,豊田市,日面町,11
23211,230815,64,豊田市,簗平町,11
23211,230816,0,豊田市,百月町,11
23211,230817,1242,豊田市,足助町,11
23211,230818,123,豊田市,足助町,11
23211,230819,55,豊田市,足助町,11
23211,230820,113,豊田市,月原町,11
23211,230821,96,豊田市,東渡合町,11
23211,230822,42,豊田市,実栗町,11
23211,230823,100,豊田市,御蔵町,11
23211,230824,72,豊田市,小町,11
23211,230825,43,豊田市,上切山町,11
23211,230826,89,豊田市,西樫尾町,11
23211,230827,139,豊田市,新盛町,11
23211,230828,28,豊田市,永野町,11
23211,230829,25,豊田市,北小田町,11
23211,230830,31,豊田市,細田町,11
23211,230831,38,豊田市,大井町,11
23211,230832,157,豊田市,久木町,11
23211,230833,155,豊田市,大蔵町,11
23211,230834,51,豊田市,小手沢町,11
23211,230835,18,豊田市,東中山町,11
23211,230836,101,豊田市,中立町,11
23211,230837,42,豊田市,摺町,11
23211,230838,83,豊田市,大河原町,11
23211,230839,19,豊田市,葛町,11
23211,230840,12,豊田市,栃ノ沢町,11
23211,230841,19,豊田市,大塚町,11
23211,230842,33,豊田市,塩ノ沢町,11
23211,230843,61,豊田市,足助白山町,11
23211,230844,71,豊田市,富岡町,11
23211,230845,23,豊田市,富岡町,11
23211,230846,13,豊田市,富岡町,11
23211,230847,223,豊田市,桑田和町,11
23211,230848,53,豊田市,菅生町,11
23211,230849,30,豊田市,玉野町,11
23211,230850,63,豊田市,二タ宮町,11
23211,230851,71,豊田市,竜岡町,11
23211,230852,38,豊田市,平沢町,11
23211,230853,59,豊田市,千田町,11
23211,230854,118,豊田市,五反田町,11
23211,230855,134,豊田市,明川町,11
23211,230856,48,豊田市,連谷町,11
23211,230857,39,豊田市,大多賀町,11
23211,230858,79,豊田市,上八木町,11
23211,230859,90,豊田市,川面町,11
23211,230860,32,豊田市,怒田沢町,11
23211,230861,0,豊田市,大蔵連町,11
23211,230862,0,豊田市,漆畑町,11
23211,230863,41,豊田市,室口町,11
23211,230864,0,豊田市,椿立町,11
23211,230865,75,豊田市,綾渡町,11
23211,230866,31,豊田市,山谷町,11
23211,230867,18,豊田市,有洞町,11
23211,230868,0,豊田市,安実京町,11
23211,230869,68,豊田市,葛沢町,11
23211,230870,0,豊田市,山ノ中立町,11
23211,230871,31,豊田市,東大見町,11
23211,230872,45,豊田市,御内町,11
23211,230873,183,豊田市,井ノ口町,11
23211,230874,48,豊田市,田振町,11
23211,230875,268,豊田市,近岡町,11
23211,230876,226,豊田市,東大島町,11
23211,230877,53,豊田市,篭林町,11
23211,230878,115,豊田市,野林町,11
23211,230879,216,豊田市,岩神町,11
23211,230880,20,豊田市,東川端町,11
23211,230881,20,豊田市,戸中町,11
23211,230882,21,豊田市,沢ノ堂町,11
23211,230883,52,豊田市,上小田町,11
23211,230884,41,豊田市,冷田町,11
23211,230885,78,豊田市,下国谷町,11
23211,230886,30,豊田市,白倉町,11
23211,230887,29,豊田市,国谷町,11
23211,230888,170,豊田市,則定町,11
23211,230889,184,豊田市,霧山町,11
23211,230890,48,豊田市,下佐切町,11
23211,230891,84,豊田市,上佐切町,11
23211,230892,77,豊田市,上脇町,11
23211,230893,137,豊田市,国閑町,11
23211,230894,26,豊田市,平折町,11
23211,230895,105,豊田市,国谷町,11
23211,230896,45,豊田市,栃本町,11
23211,230897,28,豊田市,桑原田町,11
23211,230898,46,豊田市,岩谷町,11
23211,230899,60,豊田市,下平町,11
23211,230900,142,豊田市,四ツ松町,11
23211,230901,24,豊田市,桑田和町,11
23211,230902,1300,豊田市,花沢町,11
23211,230903,39,豊田市,蕪木町,11
23211,230904,278,豊田市,下山田代町,11
23211,230905,63,豊田市,田折町,11
23211,230906,882,豊田市,大沼町,11
23211,230907,89,豊田市,大沼町,11
23211,230908,74,豊田市,平瀬町,11
23211,230909,45,豊田市,田平沢町,11
23211,230910,27,豊田市,栃立町,11
23211,230911,0,豊田市,栃立町,11
23211,230912,65,豊田市,立岩町,11
23211,230913,76,豊田市,東大林町,11
23211,230914,17,豊田市,高野町,11
23211,230915,44,豊田市,梨野町,11
23211,230916,73,豊田市,阿蔵町,11
23211,230917,49,豊田市,宇連野町,11
23211,230918,62,豊田市,野原町,11
23211,230919,18,豊田市,野原町,11
23211,230920,161,豊田市,羽布町,11
23211,230921,49,豊田市,大桑町,11
23211,230922,106,豊田市,神殿町,11
23211,230923,0,豊田市,神殿町,11
23211,230924,22,豊田市,神殿町,11
23211,230925,123,豊田市,和合町,11
23211,230926,104,豊田市,小松野町,11
23211,230927,91,豊田市,黒坂町,11
23211,230928,74,豊田市,蘭町,11
23211,230929,28,豊田市,蘭町,11
23211,230930,0,豊田市,牛地町,11
23211,230931,57,豊田市,田津原町,11
23211,230932,0,豊田市,小滝野町,11
23211,230933,25,豊田市,閑羅瀬町,11
23211,230934,33,豊田市,時瀬町,11
23211,230935,215,豊田市,小渡町,11
23211,230936,102,豊田市,有間町,11
23211,230937,122,豊田市,笹戸町,11
23211,230938,21,豊田市,市平町,11
23211,230939,65,豊田市,池島町,11
23211,230940,79,豊田市,東萩平町,11
23211,230941,121,豊田市,大坪町,11
23211,230942,11,豊田市,万根町,11
23211,230943,166,豊田市,榊野町,11
23211,230944,207,豊田市,杉本町,11
23211,230945,75,豊田市,押井町,11
23211,230946,82,豊田市,加塩町,11
23211,230947,61,豊田市,惣田町,11
23211,230948,52,豊田市,小畑町,11
23211,230949,0,豊田市,坪崎町,11
23211,230950,59,豊田市,日下部町,11
23211,230951,45,豊田市,槙本町,11
23211,230952,60,豊田市,伊熊町,11
23211,230953,26,豊田市,伯母沢町,11
23211,230954,30,豊田市,旭八幡町,11
23211,230955,32,豊田市,余平町,11
23211,230956,29,豊田市,万町町,11
23211,230957,99,豊田市,太田町,11
23211,230958,34,豊田市,明賀町,11
23211,230959,16,豊田市,小田町,11
23211,230960,52,豊田市,島崎町,11
23211,230961,88,豊田市,下切町,11
23211,230962,35,豊田市,下中町,11
23211,230963,28,豊田市,上中町,11
23211,230964,68,豊田市,上切町,11
23211,230965,23,豊田市,一色町,11
23211,230966,137,豊田市,浅谷町,11
23211,230967,49,豊田市,須渕町,11
23211,230968,245,豊田市,稲武町,11
23211,230969,52,豊田市,中当町,11
23211,230970,126,豊田市,夏焼町,11
23211,230971,135,豊田市,野入町,11
23211,230972,160,豊田市,大野瀬町,11
23211,230973,91,豊田市,押山町,11
23211,230974,214,豊田市,武節町,11
23211,230975,237,豊田市,桑原町,11
23211,230976,199,豊田市,御所貝津町,11
23211,230977,79,豊田市,川手町,11
23211,230978,276,豊田市,黒田町,11
23211,230979,213,豊田市,小田木町,11
23211,230980,21,豊田市,富永町,11
23212,230981,180889,安城市,-,13
23213,230982,160137,西尾市,-,12
23214,230983,76513,蒲郡市,-,14
23215,230984,70872,犬山市,-,16
23216,230985,57437,常滑市,-,8
23217,230986,96711,江南市,-,16
23219,230987,139820,小牧市,-,16
23220,230988,131668,稲沢市,-,9
23221,230989,43470,新城市,-,14
23222,230990,112034,東海市,-,8
23223,230991,90512,大府市,-,7
23224,230992,82462,知多市,-,8
23225,230993,67464,知立市,-,13
23226,230994,81835,尾張旭市,-,7
23227,230995,42816,高浜市,-,13
23228,230996,45662,岩倉市,-,10
23229,230997,66274,豊明市,-,7
23230,230998,90124,日進市,-,7
23231,230999,58208,田原市,-,15
23232,231000,59991,愛西市,-,9
23233,231001,66151,清須市,-,5
23234,231002,84435,北名古屋市,-,16
23235,231003,41504,弥富市,-,9
23236,231004,59926,みよし市,-,11
23237,231005,84078,あま市,-,9
23238,231006,59425,長久手市,-,7
23302,23300,42683,東郷町,-,7
23342,23340,15183,豊山町,-,16
23361,23360,23697,大口町,-,16
23362,23360,33709,扶桑町,-,16
23424,23420,31703,大治町,-,9
23425,23420,35923,蟹江町,-,9
23427,23420,4329,飛島村,-,9
23441,23440,28078,阿久比町,-,8
23442,23440,48282,東浦町,-,8
23445,23440,16228,南知多町,-,8
23446,23440,22190,美浜町,-,8
23447,23440,42426,武豊町,-,8
23501,23500,41216,幸田町,-,14
23561,23560,4411,設楽町,-,14
23562,23560,2925,東栄町,-,14
23563,23560,997,豊根村,-,14